Amount,Currency Name,Purchase Date,Date Sold,Cost Basis,Proceeds
210.343937,ADA,04/11/2023,04/11/2023,0,85.96
209.615421,ADA,04/11/2023,04/11/2023,0,85.66
85.230474,iUSD,04/11/2023,04/11/2023,85.96,85.66
1000857195.5,SUNDAE/ADA LP,04/03/2022,04/13/2023,1149.36,179.52
1000857195.5,SUNDAE/ADA LP,04/03/2022,04/13/2023,1149.36,179.52
48001200.0,SUNDAE/ADA LP,02/05/2022,04/13/2023,113.86,8.61
48001200.0,SUNDAE/ADA LP,02/05/2022,04/13/2023,113.86,8.61
881307474.0,SUNDAE/ADA LP,03/24/2022,04/13/2023,1134.9,158.08
881307474.0,SUNDAE/ADA LP,03/24/2022,04/13/2023,1134.9,158.08
76190055.5,SUNDAE/ADA LP,02/17/2022,04/13/2023,143.88,13.67
76190055.5,SUNDAE/ADA LP,02/17/2022,04/13/2023,143.88,13.67
186847495.0,SUNDAE/ADA LP,02/13/2022,04/13/2023,322.59,33.51
186847495.0,SUNDAE/ADA LP,02/13/2022,04/13/2023,322.59,33.51
318360465.0,SUNDAE/ADA LP,02/15/2022,04/13/2023,574.69,57.1
318360465.0,SUNDAE/ADA LP,02/15/2022,04/13/2023,574.69,57.1
15279476.5,SUNDAE/ADA LP,02/14/2022,04/13/2023,26.29,2.74
15279476.5,SUNDAE/ADA LP,02/14/2022,04/13/2023,26.29,2.74
57739452.0,SUNDAE/ADA LP,02/18/2022,04/13/2023,103.99,10.36
57739452.0,SUNDAE/ADA LP,02/18/2022,04/13/2023,103.99,10.36
70181140.0,SUNDAE/ADA LP,02/20/2022,04/13/2023,117.4,12.59
70181140.0,SUNDAE/ADA LP,02/20/2022,04/13/2023,117.4,12.59
55968524.5,SUNDAE/ADA LP,02/19/2022,04/13/2023,98.88,10.04
55968524.5,SUNDAE/ADA LP,02/19/2022,04/13/2023,98.88,10.04
77881245.0,SUNDAE/ADA LP,02/19/2022,04/13/2023,139.2,13.97
77881245.0,SUNDAE/ADA LP,02/19/2022,04/13/2023,139.2,13.97
452837539.0,SUNDAE/ADA LP,02/19/2022,04/13/2023,757.34,81.22
452837539.0,SUNDAE/ADA LP,02/19/2022,04/13/2023,757.34,81.22
191135465.0,SUNDAE/ADA LP,02/19/2022,04/13/2023,319.49,34.28
191135465.0,SUNDAE/ADA LP,02/19/2022,04/13/2023,319.49,34.28
1689244331.5,SUNDAE/ADA LP,03/23/2022,04/13/2023,1961.1,303.0
1689244331.5,SUNDAE/ADA LP,03/23/2022,04/13/2023,1961.1,303.0
507914698.5,SUNDAE/ADA LP,03/02/2022,04/13/2023,663.67,91.1
507914698.5,SUNDAE/ADA LP,03/02/2022,04/13/2023,663.67,91.1
806614219.0,SUNDAE/ADA LP,03/02/2022,04/13/2023,1071.21,144.68
806614219.0,SUNDAE/ADA LP,03/02/2022,04/13/2023,1071.21,144.68
19680327.5,SUNDAE/ADA LP,02/21/2022,04/13/2023,31.0,3.53
19680327.5,SUNDAE/ADA LP,02/21/2022,04/13/2023,31.0,3.53
1654318816.5,SUNDAE/ADA LP,03/22/2022,04/13/2023,1863.57,296.73
1654318816.5,SUNDAE/ADA LP,03/22/2022,04/13/2023,1863.57,296.73
323419714.5,SUNDAE/ADA LP,02/26/2022,04/13/2023,448.04,58.01
323419714.5,SUNDAE/ADA LP,02/26/2022,04/13/2023,448.04,58.01
324714114.0,SUNDAE/ADA LP,02/24/2022,04/13/2023,432.01,58.24
324714114.0,SUNDAE/ADA LP,02/24/2022,04/13/2023,432.01,58.24
348817809.0,SUNDAE/ADA LP,03/09/2022,04/13/2023,391.21,62.57
348817809.0,SUNDAE/ADA LP,03/09/2022,04/13/2023,391.21,62.57
296809092.5,SUNDAE/ADA LP,03/11/2022,04/13/2023,324.9,53.24
296809092.5,SUNDAE/ADA LP,03/11/2022,04/13/2023,324.9,53.24
397285899.0,SUNDAE/ADA LP,03/16/2022,04/13/2023,432.4,71.26
397285899.0,SUNDAE/ADA LP,03/16/2022,04/13/2023,432.4,71.26
39875757.0,SUNDAE/ADA LP,10/06/2022,04/13/2023,8.42,7.15
39875757.0,SUNDAE/ADA LP,10/06/2022,04/13/2023,8.42,7.15
3018076956.0,SUNDAE/ADA LP,10/06/2022,04/13/2023,636.04,541.34
3018076956.0,SUNDAE/ADA LP,10/06/2022,04/13/2023,636.04,541.34
1666.0,ADA,04/13/2023,04/13/2023,687.34,688.04
1660.657107,ADA,04/13/2023,04/13/2023,685.14,686.34
691.289946,iUSD,04/13/2023,04/13/2023,688.04,686.34
1150.0,ADA,04/13/2023,04/13/2023,474.46,475.73
1114.018333,ADA,04/13/2023,04/13/2023,459.61,461.24
33.83177,ADA,04/13/2023,04/13/2023,0,14.01
0.015079,iBTC,04/13/2023,04/13/2023,475.73,475.25
174242076.5,CARDS/ADA LP,03/14/2022,04/13/2023,394.03,106.5
174242076.5,CARDS/ADA LP,03/14/2022,04/13/2023,394.03,106.5
101.0,ADA,04/13/2023,04/13/2023,41.77,41.8
100.653064,ADA,04/13/2023,04/13/2023,41.63,41.52
0.019721,iETH,04/13/2023,04/13/2023,41.8,41.52
55.854274,ADA,04/13/2023,04/13/2023,23.1,23.07
30.038628,ADA,04/13/2023,04/13/2023,0,12.41
436.114828,ADA,04/17/2023,04/17/2023,0,195.61
1138.857436,ADA,04/21/2023,04/21/2023,0,447.81
500.402167,ADA,04/24/2023,04/24/2023,0,196.16
47306.462374,MIN,10/09/2022,04/24/2023,747.24,1623.87
1996.0,ADA,04/24/2023,04/24/2023,777.56,772.79
1984.766887,ADA,04/24/2023,04/24/2023,773.18,768.0
0.394909,iETH,04/24/2023,04/24/2023,772.79,768.0
187.703192,ADA,04/24/2023,04/24/2023,73.12,72.72
2.750499,ADA,04/24/2023,04/24/2023,0,1.07
150762.87321,SUNDAE,04/13/2023,04/24/2023,2823.28,2653.58
5881.540944,ADA,04/24/2023,04/24/2023,2273.39,2273.39
887.118239,ADA,04/24/2023,04/24/2023,342.9,342.99
92.0,ADA,04/24/2023,04/26/2023,35.56,38.16
4.476143,ADA,04/24/2023,04/26/2023,1.73,1.76
410.523857,ADA,04/26/2023,04/26/2023,0,161.26
415.0,ADA,04/26/2023,04/26/2023,0,163.02
303.297326,ADA,04/26/2023,04/26/2023,0,119.14
108.17979,ADA,04/26/2023,04/26/2023,0,42.56
12095.588376,MIN,10/09/2022,04/27/2023,191.06,434.51
475.238165,CARDS,04/13/2023,04/27/2023,106.5,101.18
239.900772,ADA,04/27/2023,04/27/2023,98.33,97.87
6.955708,ADA,04/27/2023,04/28/2023,2.85,2.81
413.044292,ADA,04/28/2023,04/28/2023,0,167.0
418.750503,ADA,04/28/2023,04/28/2023,0,169.18
0.001208,iBTC,04/26/2023,04/28/2023,38.16,36.54
0.004385,iBTC,04/26/2023,04/28/2023,133.96,132.64
387.707039,ADA,04/28/2023,04/28/2023,0,156.77
856.575707,ADA,04/29/2023,04/29/2023,0,348.54
60.699003,ADA,04/29/2023,04/29/2023,0,24.59
200.0,ADA,05/03/2023,05/03/2023,0,77.16
199.924743,ADA,05/03/2023,05/03/2023,0,77.13
0.000951,iBTC,04/26/2023,05/03/2023,29.05,28.73
0.001602,iBTC,04/28/2023,05/03/2023,48.64,48.4
158.05644,ADA,05/03/2023,05/03/2023,0,61.08
500.0,ADA,05/03/2023,05/03/2023,0,190.83
497.820046,ADA,05/03/2023,05/03/2023,0,190.0
0.003991,iBTC,04/28/2023,05/03/2023,121.17,119.56
0.002351,iBTC,05/03/2023,05/03/2023,71.06,70.43
154.712814,ADA,05/03/2023,05/03/2023,0,59.11
500.0,ADA,05/06/2023,05/06/2023,0,197.4
500.778281,ADA,05/06/2023,05/06/2023,0,197.36
0.00629,iBTC,05/06/2023,05/06/2023,197.4,197.36
80.18806,ADA,05/06/2023,05/06/2023,0,31.53
1297.740534,MIN,10/09/2022,05/06/2023,20.5,44.92
10.432067,ADA,05/07/2023,05/07/2023,0,3.98
648.025721,ADA,05/07/2023,05/07/2023,0,247.31
223.108251,ADA,05/07/2023,05/07/2023,0,84.75
5.0,ADA,05/08/2023,05/08/2023,0,1.82
35885.0,SNEK,05/07/2023,05/09/2023,3.98,5.43
2390442.0,SNEK,05/07/2023,05/09/2023,247.31,361.98
90.004523,ADA,05/09/2023,05/09/2023,0,32.85
200.0,ADA,05/11/2023,05/11/2023,0,72.85
170.981601,ADA,05/11/2023,05/11/2023,0,61.78
123.93159,ADA,05/11/2023,05/11/2023,0,44.48
203.886321,ADA,05/15/2023,05/15/2023,0,75.7
539494.0,SNEK,05/15/2023,05/15/2023,77.87,78.83
76.054303,INDY,04/26/2023,05/18/2023,119.14,152.15
1164.87586,INDY,04/24/2023,05/18/2023,1799.8,2330.38
138.616212,INDY,04/24/2023,05/18/2023,211.7,277.31
406.423817,ADA,05/18/2023,05/18/2023,152.15,151.77
1093.576183,ADA,05/18/2023,05/18/2023,409.39,408.36
740.746121,ADA,05/18/2023,05/18/2023,277.31,276.61
759.253879,ADA,05/18/2023,05/18/2023,284.24,283.52
1491.268238,ADA,05/18/2023,05/18/2023,558.27,557.46
0.000202,iBTC,05/03/2023,05/18/2023,6.11,5.99
0.006342,iBTC,05/03/2023,05/18/2023,190.83,188.02
0.012259,iBTC,05/18/2023,05/18/2023,365.19,363.45
1497.067845,ADA,05/18/2023,05/18/2023,560.45,559.76
0.082155,iETH,04/26/2023,05/18/2023,163.02,158.37
0.208214,iETH,05/18/2023,05/18/2023,401.65,401.38
500.0,ADA,05/18/2023,05/18/2023,187.18,187.01
497.839196,ADA,05/18/2023,05/18/2023,186.37,186.2
190.736709,iUSD,05/18/2023,05/18/2023,187.01,186.2
380.0,ADA,05/18/2023,05/18/2023,142.26,142.66
50358051.0,MIN/ADA LP,04/05/2022,05/20/2023,54.45,11.04
50358051.0,MIN/ADA LP,04/05/2022,05/20/2023,54.45,11.04
1119456003.0,MIN/ADA LP,04/05/2022,05/20/2023,1206.45,245.45
1119456003.0,MIN/ADA LP,04/05/2022,05/20/2023,1206.45,245.45
914784344.5,MIN/ADA LP,06/01/2022,05/20/2023,365.78,200.58
914784344.5,MIN/ADA LP,06/01/2022,05/20/2023,365.78,200.58
1938604724.0,MIN/ADA LP,05/25/2022,05/20/2023,684.96,425.06
1938604724.0,MIN/ADA LP,05/25/2022,05/20/2023,684.96,425.06
1072343171.0,MIN/ADA LP,05/21/2022,05/20/2023,382.9,235.12
1072343171.0,MIN/ADA LP,05/21/2022,05/20/2023,382.9,235.12
1385298413.0,MIN/ADA LP,05/19/2022,05/20/2023,486.78,303.74
1385298413.0,MIN/ADA LP,05/19/2022,05/20/2023,486.78,303.74
1711657493.0,MIN/ADA LP,05/19/2022,05/20/2023,601.04,375.3
1711657493.0,MIN/ADA LP,05/19/2022,05/20/2023,601.04,375.3
416457726.0,MIN/ADA LP,05/13/2022,05/20/2023,141.29,91.31
416457726.0,MIN/ADA LP,05/13/2022,05/20/2023,141.29,91.31
45703152.5,MIN/ADA LP,05/13/2022,05/20/2023,15.53,10.02
45703152.5,MIN/ADA LP,05/13/2022,05/20/2023,15.53,10.02
155615774.5,MIN/ADA LP,09/23/2022,05/20/2023,28.52,34.12
155615774.5,MIN/ADA LP,09/23/2022,05/20/2023,28.52,34.12
1289530549.5,MIN/ADA LP,10/09/2022,05/20/2023,211.27,282.75
1289530549.5,MIN/ADA LP,10/09/2022,05/20/2023,211.27,282.75
885235311.0,MIN/ADA LP,04/27/2023,05/20/2023,434.51,194.1
885235311.0,MIN/ADA LP,04/27/2023,05/20/2023,434.51,194.1
51476723.0,MIN/ADA LP,04/29/2023,05/20/2023,12.29,11.29
51476723.0,MIN/ADA LP,04/29/2023,05/20/2023,12.29,11.29
90100327.0,MIN/ADA LP,04/26/2023,05/20/2023,21.28,19.76
90100327.0,MIN/ADA LP,04/26/2023,05/20/2023,21.28,19.76
65358603.0,MIN/ADA LP,05/06/2023,05/20/2023,15.76,14.33
65358603.0,MIN/ADA LP,05/06/2023,05/20/2023,15.76,14.33
259712114.0,MIN/ADA LP,11/03/2022,05/20/2023,39.27,56.95
259712114.0,MIN/ADA LP,11/03/2022,05/20/2023,39.27,56.95
132122007.0,MIN/ADA LP,05/03/2023,05/20/2023,30.54,28.97
132122007.0,MIN/ADA LP,05/03/2023,05/20/2023,30.54,28.97
182024745.0,MIN/ADA LP,10/14/2022,05/20/2023,26.87,39.91
182024745.0,MIN/ADA LP,10/14/2022,05/20/2023,26.87,39.91
126438835.5,MIN/ADA LP,05/03/2023,05/20/2023,29.55,27.72
126438835.5,MIN/ADA LP,05/03/2023,05/20/2023,29.55,27.72
96838436.0,MIN/ADA LP,05/06/2023,05/20/2023,44.92,21.23
96838436.0,MIN/ADA LP,05/06/2023,05/20/2023,44.92,21.23
319621580.5,MIN/ADA LP,05/18/2023,05/20/2023,71.33,70.08
319621580.5,MIN/ADA LP,05/18/2023,05/20/2023,71.33,70.08
74672923.5,MIN/ADA LP,05/09/2023,05/20/2023,16.43,16.37
74672923.5,MIN/ADA LP,05/09/2023,05/20/2023,16.43,16.37
142803451.0,MIN/ADA LP,05/11/2023,05/20/2023,30.89,31.31
142803451.0,MIN/ADA LP,05/11/2023,05/20/2023,30.89,31.31
5.932296,ADA,05/18/2023,05/20/2023,2.22,2.17
1494.067704,ADA,05/20/2023,05/20/2023,546.64,546.78
1491.265154,ADA,05/20/2023,05/20/2023,545.62,545.87
0.006544,iBTC,05/18/2023,05/20/2023,194.94,192.07
0.012054,iBTC,05/20/2023,05/20/2023,355.79,353.8
151274.646272,MIN,05/20/2023,05/20/2023,4870.2,4868.68
1500.0,ADA,05/20/2023,05/20/2023,548.81,548.49
1575.194218,ADA,05/20/2023,05/20/2023,576.32,575.98
0.282329,iETH,05/20/2023,05/20/2023,548.49,575.98
601.3,ADA,05/20/2023,05/20/2023,220.0,219.82
587.47297,ADA,05/20/2023,05/20/2023,214.94,214.77
222.767572,iUSD,05/20/2023,05/20/2023,219.82,214.77
230.677053,ADA,05/20/2023,05/20/2023,84.4,84.24
26.787751,ADA,05/20/2023,05/22/2023,9.8,9.87
423.212249,ADA,05/22/2023,05/22/2023,0,155.9
448.72599,ADA,05/22/2023,05/22/2023,0,165.42
329.035171,VYFI,05/22/2023,05/22/2023,165.76,165.42
67022833.0,iUSD/ADA LP,04/17/2023,05/23/2023,97.81,88.22
67022833.0,iUSD/ADA LP,04/17/2023,05/23/2023,97.81,88.22
237.948938,ADA,05/23/2023,05/23/2023,88.22,88.37
5.360162,ADA,05/23/2023,05/23/2023,0,1.99
91.038956,iUSD,04/29/2023,05/23/2023,87.36,90.36
10564680.0,INDY/ADA LP,04/13/2023,05/23/2023,17.74,20.31
10564680.0,INDY/ADA LP,04/13/2023,05/23/2023,17.74,20.31
29125996.5,INDY/ADA LP,04/27/2023,05/23/2023,48.93,55.99
29125996.5,INDY/ADA LP,04/27/2023,05/23/2023,48.93,55.99
200.438858,ADA,05/23/2023,05/23/2023,74.58,74.58
122.883828,INDY,05/23/2023,05/23/2023,287.75,281.28
6385262988.0,MIN/ADA LP,05/20/2023,05/23/2023,2803.68,1418.52
6385262988.0,MIN/ADA LP,05/20/2023,05/23/2023,2803.68,1418.52
3797.796818,ADA,05/23/2023,05/23/2023,1414.3,1416.45
109849.571516,MIN,05/23/2023,05/23/2023,3566.44,3545.49
2503548.0,SNEK/ADA LP,05/07/2023,05/23/2023,42.38,90.94
2503548.0,SNEK/ADA LP,05/07/2023,05/23/2023,42.38,90.94
1921624.5,SNEK/ADA LP,05/15/2023,05/23/2023,78.83,69.8
1921624.5,SNEK/ADA LP,05/15/2023,05/23/2023,78.83,69.8
1361856.5,SNEK/ADA LP,05/20/2023,05/23/2023,42.12,49.47
1361856.5,SNEK/ADA LP,05/20/2023,05/23/2023,42.12,49.47
2179065.5,SNEK/ADA LP,05/11/2023,05/23/2023,36.42,79.16
2179065.5,SNEK/ADA LP,05/11/2023,05/23/2023,36.42,79.16
9136121.0,SNEK/ADA LP,05/09/2023,05/23/2023,367.42,331.88
9136121.0,SNEK/ADA LP,05/09/2023,05/23/2023,367.42,331.88
1461530.5,SNEK/ADA LP,05/11/2023,05/23/2023,22.24,53.09
1461530.5,SNEK/ADA LP,05/11/2023,05/23/2023,22.24,53.09
1697.924801,ADA,05/23/2023,05/23/2023,635.9,635.9
1643453.0,SNEK,05/23/2023,05/23/2023,709.35,641.77
102.640365,ADA,05/23/2023,05/23/2023,38.44,38.44
11.341173,ADA,05/23/2023,05/23/2023,4.22,4.25
4.611535,ADA,05/23/2023,05/23/2023,1.72,1.73
33.945509,ADA,05/23/2023,05/23/2023,0,12.71
14593154.5,LQ/ADA LP,04/29/2022,05/23/2023,242.01,38.67
14593154.5,LQ/ADA LP,04/29/2022,05/23/2023,242.01,38.67
14171595.0,LQ/ADA LP,05/02/2022,05/23/2023,210.67,37.55
14171595.0,LQ/ADA LP,05/02/2022,05/23/2023,210.67,37.55
70447426.5,LQ/ADA LP,05/17/2022,05/23/2023,722.63,186.69
70447426.5,LQ/ADA LP,05/17/2022,05/23/2023,722.63,186.69
48069946.0,LQ/ADA LP,05/17/2022,05/23/2023,493.23,127.39
48069946.0,LQ/ADA LP,05/17/2022,05/23/2023,493.23,127.39
50752694.5,LQ/ADA LP,05/18/2022,05/23/2023,523.03,134.5
50752694.5,LQ/ADA LP,05/18/2022,05/23/2023,523.03,134.5
38427834.5,LQ/ADA LP,05/21/2022,05/23/2023,364.68,101.83
38427834.5,LQ/ADA LP,05/21/2022,05/23/2023,364.68,101.83
49589479.5,LQ/ADA LP,05/13/2022,05/23/2023,423.54,131.41
49589479.5,LQ/ADA LP,05/13/2022,05/23/2023,423.54,131.41
89462523.5,LQ/ADA LP,10/06/2022,05/23/2023,614.13,237.08
89462523.5,LQ/ADA LP,10/06/2022,05/23/2023,614.13,237.08
2661.099164,ADA,05/23/2023,05/23/2023,988.1,988.1
230.115887,LQ,05/23/2023,05/23/2023,995.12,988.1
1118868804.5,WRT/ADA LP,10/08/2022,05/23/2023,570.48,580.78
1118868804.5,WRT/ADA LP,10/08/2022,05/23/2023,570.48,580.78
222910372.0,WRT/ADA LP,10/27/2022,05/23/2023,86.39,115.71
222910372.0,WRT/ADA LP,10/27/2022,05/23/2023,86.39,115.71
1849.953483,ADA,05/23/2023,05/23/2023,687.82,687.63
881.23573,WRT,04/28/2023,05/23/2023,156.77,146.82
1953.178763,WRT,04/24/2023,05/23/2023,342.99,325.42
1768.915235,WRT,05/23/2023,05/23/2023,298.51,294.72
211211844.0,WMT/ADA LP,10/06/2022,05/23/2023,125.86,97.45
211211844.0,WMT/ADA LP,10/06/2022,05/23/2023,125.86,97.45
196251542.5,WMT/ADA LP,10/27/2022,05/23/2023,107.12,90.55
196251542.5,WMT/ADA LP,10/27/2022,05/23/2023,107.12,90.55
504.68614,ADA,05/23/2023,05/23/2023,188.0,187.72
3.812181,ADA,05/23/2023,05/23/2023,1.42,1.42
1517.776568,WMT,05/23/2023,05/23/2023,200.57,201.79
136015.5,PAVIA/ADA LP,10/06/2022,05/23/2023,22.53,14.29
136015.5,PAVIA/ADA LP,10/06/2022,05/23/2023,22.53,14.29
19.502603,ADA,05/23/2023,05/23/2023,7.25,7.24
17.653078,ADA,05/23/2023,05/23/2023,6.55,6.56
2073.0,PAVIA,05/23/2023,05/23/2023,14.34,13.85
519105502.0,iUSD/ADA LP,04/13/2023,05/23/2023,686.34,644.64
519105502.0,iUSD/ADA LP,04/13/2023,05/23/2023,686.34,644.64
64772767.0,iUSD/ADA LP,04/11/2023,05/23/2023,85.66,80.44
64772767.0,iUSD/ADA LP,04/11/2023,05/23/2023,85.66,80.44
148709710.5,iUSD/ADA LP,05/18/2023,05/23/2023,186.2,184.67
148709710.5,iUSD/ADA LP,05/18/2023,05/23/2023,186.2,184.67
174556298.5,iUSD/ADA LP,05/20/2023,05/23/2023,214.77,216.77
174556298.5,iUSD/ADA LP,05/20/2023,05/23/2023,214.77,216.77
1.243792,ADA,05/23/2023,05/23/2023,0.46,0.46
38.512211,ADA,05/23/2023,05/23/2023,14.29,14.24
3002.921102,ADA,05/23/2023,05/23/2023,1110.95,1110.59
91.038956,iUSD,05/23/2023,05/23/2023,88.22,88.17
272.202045,iUSD,04/29/2023,05/23/2023,261.19,263.61
798.725989,iUSD,05/23/2023,05/23/2023,774.36,773.52
42.075209,ADA,05/23/2023,05/26/2023,15.57,15.15
1784.32363,ADA,05/26/2023,05/26/2023,0,642.42
521.69783,ADA,05/28/2023,05/28/2023,0,196.16
19611206.5,SNEK/ADA LP,05/23/2023,05/30/2023,476.93,783.18
19611206.5,SNEK/ADA LP,05/23/2023,05/30/2023,476.93,783.18
838064.0,SNEK,05/30/2023,05/30/2023,867.09,848.84
2000.0,ADA,05/30/2023,05/30/2023,757.31,757.11
68.31609,ADA,05/30/2023,05/30/2023,25.87,25.85
361.68391,ADA,05/30/2023,05/30/2023,0,136.87
500.500929,ADA,05/31/2023,05/31/2023,0,186.7
848321006.0,VyFi_ADA/WMT_LP,06/01/2023,06/01/2023,0,355.18
444716618.0,VyFi_ADA/VYFI_LP,06/01/2023,06/01/2023,0,314.0
1000.0,ADA,06/01/2023,06/01/2023,0,364.95
448.0,ADA,06/06/2023,06/06/2023,0,158.28
870.0,ADA,06/06/2023,06/06/2023,0,307.37
1200.246124,ADA,06/10/2023,06/10/2023,0,313.7
23.990982,INDY,05/23/2023,06/10/2023,56.18,55.63
1700.0,ADA,06/14/2023,06/14/2023,0,468.37
144.283388,INDY,05/23/2023,06/14/2023,337.86,493.74
1793.576515,ADA,06/14/2023,06/14/2023,493.74,494.9
6.423485,ADA,06/14/2023,06/14/2023,0,1.77
18.483215,INDY,05/23/2023,06/15/2023,43.28,55.83
16.121226,INDY,05/23/2023,06/20/2023,37.75,51.1
36.371208,VYFI,05/28/2023,06/21/2023,14.84,23.56
195.39158,iUSD,05/23/2023,06/22/2023,189.43,197.54
417.874444,VYFI,05/28/2023,06/22/2023,170.47,307.18
87.640943,DJED,06/22/2023,06/22/2023,0,89.82
84.266653,VYFI,05/28/2023,06/25/2023,34.38,69.0
15.553588,INDY,05/23/2023,06/25/2023,36.42,59.69
232.673054,ADA,06/25/2023,06/25/2023,69.0,69.13
201.296744,ADA,06/25/2023,06/25/2023,59.69,59.81
71.030202,ADA,06/22/2023,06/25/2023,20.67,21.1
25.296522,VYFI,05/28/2023,06/26/2023,10.32,22.88
22.997637,VYFI,05/28/2023,06/29/2023,9.38,22.24
15.829325,INDY,05/23/2023,06/30/2023,37.07,62.2
1997630.0,iBTC/ADA LP,04/13/2023,07/03/2023,475.25,430.48
1997630.0,iBTC/ADA LP,04/13/2023,07/03/2023,475.25,430.48
733417.0,iBTC/ADA LP,04/28/2023,07/03/2023,169.18,158.05
733417.0,iBTC/ADA LP,04/28/2023,07/03/2023,169.18,158.05
849889.0,iBTC/ADA LP,05/06/2023,07/03/2023,197.36,183.15
849889.0,iBTC/ADA LP,05/06/2023,07/03/2023,197.36,183.15
342163.5,iBTC/ADA LP,05/03/2023,07/03/2023,77.13,73.73
342163.5,iBTC/ADA LP,05/03/2023,07/03/2023,77.13,73.73
850357.5,iBTC/ADA LP,05/03/2023,07/03/2023,190.0,183.25
850357.5,iBTC/ADA LP,05/03/2023,07/03/2023,190.0,183.25
131739.0,iBTC/ADA LP,05/18/2023,07/03/2023,29.08,28.39
131739.0,iBTC/ADA LP,05/18/2023,07/03/2023,29.08,28.39
0.006544,iBTC,05/20/2023,07/04/2023,193.16,218.03
0.024115,iBTC,07/03/2023,07/04/2023,831.42,803.46
17.319162,INDY,05/23/2023,07/06/2023,40.56,59.65
203.336705,VYFI,05/28/2023,07/27/2023,82.95,125.79
140.0,VYFI,05/28/2023,08/08/2023,57.11,70.99
41.328722,INDY,05/23/2023,08/08/2023,96.78,118.07
40284512.5,INDY/ADA LP,05/23/2023,08/10/2023,74.58,75.04
40284512.5,INDY/ADA LP,05/23/2023,08/10/2023,74.58,75.04
31574651.5,INDY/ADA LP,08/08/2023,08/10/2023,118.07,58.81
31574651.5,INDY/ADA LP,08/08/2023,08/10/2023,118.07,58.81
14302173.0,INDY/ADA LP,06/30/2023,08/10/2023,62.2,26.64
14302173.0,INDY/ADA LP,06/30/2023,08/10/2023,62.2,26.64
14964042.5,INDY/ADA LP,07/06/2023,08/10/2023,59.65,27.87
14964042.5,INDY/ADA LP,07/06/2023,08/10/2023,59.65,27.87
36493355.5,INDY/ADA LP,06/14/2023,08/10/2023,71.52,67.98
36493355.5,INDY/ADA LP,06/14/2023,08/10/2023,71.52,67.98
488.8147,INDY,08/10/2023,08/10/2023,1390.68,1381.17
6632308.5,SNEK/ADA LP,05/30/2023,08/10/2023,766.7,203.38
6632308.5,SNEK/ADA LP,05/30/2023,08/10/2023,766.7,203.38
1273786.0,SNEK/ADA LP,05/30/2023,08/10/2023,81.36,39.06
1273786.0,SNEK/ADA LP,05/30/2023,08/10/2023,81.36,39.06
3026601.0,SNEK/ADA LP,06/01/2023,08/10/2023,182.47,92.81
3026601.0,SNEK/ADA LP,06/01/2023,08/10/2023,182.47,92.81
1486288.0,SNEK,08/10/2023,08/10/2023,411.62,410.88
192.443663,VYFI,05/28/2023,08/16/2023,78.51,85.28
17687236.5,INDY/ADA LP,06/10/2023,08/16/2023,55.63,27.87
17687236.5,INDY/ADA LP,06/10/2023,08/16/2023,55.63,27.87
14007153.0,INDY/ADA LP,06/20/2023,08/16/2023,51.1,22.07
14007153.0,INDY/ADA LP,06/20/2023,08/16/2023,51.1,22.07
15706649.0,INDY/ADA LP,06/15/2023,08/16/2023,55.83,24.75
15706649.0,INDY/ADA LP,06/15/2023,08/16/2023,55.83,24.75
55813013.0,INDY/ADA LP,06/14/2023,08/16/2023,109.38,87.95
55813013.0,INDY/ADA LP,06/14/2023,08/16/2023,109.38,87.95
472.227442,INDY,08/16/2023,08/16/2023,1044.78,1039.76
344.003604,VYFI,05/28/2023,08/16/2023,140.34,148.25
142.079308,DJED,08/16/2023,08/16/2023,0,150.16
34404684.0,INDY/ADA LP,06/14/2023,08/18/2023,67.43,51.86
34404684.0,INDY/ADA LP,06/14/2023,08/18/2023,67.43,51.86
56.436148,VYFI,05/28/2023,08/18/2023,23.02,23.61
431.160609,INDY,08/18/2023,08/18/2023,917.14,938.25
6450038071.0,MIN/ADA LP,05/23/2023,08/18/2023,1416.45,905.13
6450038071.0,MIN/ADA LP,05/23/2023,08/18/2023,1416.45,905.13
115522.510463,MIN,08/18/2023,08/18/2023,2141.43,2131.65
171.162551,VYFI,05/28/2023,08/20/2023,69.83,72.83
48.928854,iUSD,05/23/2023,08/20/2023,47.44,49.36
391011296.5,LQ/ADA LP,05/23/2023,08/20/2023,988.1,732.97
391011296.5,LQ/ADA LP,05/23/2023,08/20/2023,988.1,732.97
226.770259,LQ,08/20/2023,08/20/2023,732.97,720.91
166792996.5,iUSD/ADA LP,04/21/2023,08/23/2023,223.9,190.2
166792996.5,iUSD/ADA LP,04/21/2023,08/23/2023,223.9,190.2
73284449.0,iUSD/ADA LP,04/24/2023,08/23/2023,98.08,83.57
73284449.0,iUSD/ADA LP,04/24/2023,08/23/2023,98.08,83.57
118.920567,iUSD,05/23/2023,08/23/2023,115.29,119.27
154.124639,iUSD,08/23/2023,08/23/2023,154.53,154.57
1253940.0,iBTC/ADA LP,05/30/2023,08/23/2023,283.92,228.18
1253940.0,iBTC/ADA LP,05/30/2023,08/23/2023,283.92,228.18
66.084796,VYFI,05/28/2023,08/23/2023,26.96,26.72
13.564617,INDY,08/18/2023,08/23/2023,28.85,29.74
0.006544,iBTC,07/03/2023,08/24/2023,225.62,186.14
0.00414,iBTC,08/23/2023,08/24/2023,114.74,117.76
21.052884,VYFI,05/28/2023,08/24/2023,8.59,8.52
15.825036,INDY,08/18/2023,08/25/2023,33.66,33.78
37.603896,VYFI,05/28/2023,08/26/2023,15.34,14.65
38.051646,VYFI,05/28/2023,08/28/2023,15.52,14.67
138344.0,PAVIA/ADA LP,05/23/2023,08/28/2023,13.8,10.2
138344.0,PAVIA/ADA LP,05/23/2023,08/28/2023,13.8,10.2
123.562917,VYFI,05/28/2023,08/28/2023,50.41,47.83
44.016039,DJED,08/28/2023,08/28/2023,0,47.24
2008.0,PAVIA,08/28/2023,08/28/2023,10.24,10.26
227586388.5,VyFi_ADA/WMT_LP/ADA LP,06/01/2023,08/28/2023,355.18,137.84
227586388.5,VyFi_ADA/WMT_LP/ADA LP,06/01/2023,08/28/2023,355.18,137.84
154335889.0,VyFi_ADA/VYFI_LP/ADA LP,06/01/2023,08/28/2023,314.0,129.43
154335889.0,VyFi_ADA/VYFI_LP/ADA LP,06/01/2023,08/28/2023,314.0,129.43
400001660.0,VyFi_ADA/WMT_LP,08/28/2023,08/28/2023,137.84,137.75
196574449.0,VyFi_ADA/VYFI_LP,08/28/2023,08/28/2023,129.43,129.13
7.89614,INDY,08/18/2023,08/30/2023,16.8,16.63
33.98343,VYFI,05/28/2023,08/30/2023,13.86,12.61
167.145091,WRT,05/23/2023,08/30/2023,28.21,14.91
0.048054,iETH,05/18/2023,08/30/2023,92.7,85.56
317.404893,iUSD,08/23/2023,08/30/2023,318.24,320.57
16.490396,VYFI,05/28/2023,08/31/2023,6.73,5.91
16.226472,VYFI,05/28/2023,09/01/2023,6.62,5.72
33.135484,VYFI,05/28/2023,09/03/2023,13.52,11.16
7.896854,INDY,08/18/2023,09/03/2023,16.8,13.85
33.433103,VYFI,05/28/2023,09/05/2023,13.64,11.02
1380105602.5,WRT/ADA LP,05/23/2023,09/05/2023,687.63,406.42
1380105602.5,WRT/ADA LP,05/23/2023,09/05/2023,687.63,406.42
3474.562264,WRT,06/10/2023,09/05/2023,313.7,294.22
1383.507387,WRT,05/23/2023,09/05/2023,233.47,117.15
417980.5,iBTC/ADA LP,05/30/2023,09/06/2023,94.64,75.67
417980.5,iBTC/ADA LP,05/30/2023,09/06/2023,94.64,75.67
0.002738,iBTC,08/23/2023,09/06/2023,75.89,75.87
29.171952,VYFI,05/28/2023,09/07/2023,11.9,9.2
3221479317.0,MIN/ADA LP,08/18/2023,09/07/2023,910.89,426.04
3221479317.0,MIN/ADA LP,08/18/2023,09/07/2023,910.89,426.04
92341.027226,MIN,09/07/2023,09/07/2023,1546.29,1540.8
6537069.0,SNEK/ADA LP,05/23/2023,09/07/2023,158.98,87.56
6537069.0,SNEK/ADA LP,05/23/2023,09/07/2023,158.98,87.56
2043078.5,SNEK/ADA LP,05/31/2023,09/07/2023,93.35,27.37
2043078.5,SNEK/ADA LP,05/31/2023,09/07/2023,93.35,27.37
2507762.0,SNEK/ADA LP,06/06/2023,09/07/2023,79.14,33.59
2507762.0,SNEK/ADA LP,06/06/2023,09/07/2023,79.14,33.59
10269020.0,SNEK/ADA LP,08/10/2023,09/07/2023,388.46,137.55
10269020.0,SNEK/ADA LP,08/10/2023,09/07/2023,388.46,137.55
2063973.0,SNEK,09/07/2023,09/07/2023,330.68,336.8
33.43472,VYFI,05/28/2023,09/10/2023,13.64,9.64
22.701363,VYFI,05/28/2023,09/12/2023,9.26,6.46
1554321.5,iBTC/ADA LP,05/26/2023,09/14/2023,328.79,268.07
1554321.5,iBTC/ADA LP,05/26/2023,09/14/2023,328.79,268.07
2567932.0,iBTC/ADA LP,07/04/2023,09/14/2023,1021.5,442.89
2567932.0,iBTC/ADA LP,07/04/2023,09/14/2023,1021.5,442.89
0.002738,iBTC,09/06/2023,09/14/2023,75.67,80.09
0.001355,iBTC,08/23/2023,09/14/2023,37.55,39.64
0.020298,iBTC,09/14/2023,09/14/2023,591.68,593.75
23.995654,VYFI,05/28/2023,09/14/2023,9.79,6.81
16.00984,INDY,08/18/2023,09/15/2023,34.06,25.29
39.091606,VYFI,05/28/2023,09/19/2023,15.95,9.72
244.293712,ADA,07/27/2023,09/21/2023,75.72,61.53
31.684035,INDY,08/18/2023,10/03/2023,67.4,46.85
104.933957,ADA,07/27/2023,10/04/2023,32.52,26.95
50.0,ADA,07/27/2023,10/06/2023,15.5,13.28
6.631254,ADA,07/27/2023,10/07/2023,2.06,1.7
235.127824,ADA,08/08/2023,10/07/2023,70.99,60.43
859.166994,ADA,08/10/2023,10/07/2023,256.34,220.83
3753.026845,ADA,08/10/2023,10/07/2023,1118.55,964.61
13.348745,INDY,08/18/2023,10/09/2023,28.39,21.93
50.0,ADA,08/10/2023,10/16/2023,14.9,12.58
600.0,ADA,08/10/2023,10/20/2023,178.82,150.05
31.525759,INDY,08/18/2023,10/20/2023,67.06,53.29
231.171241,ADA,08/10/2023,10/20/2023,68.9,57.8
1126.816015,ADA,08/10/2023,10/20/2023,335.26,281.75
142.012744,ADA,07/03/2023,10/20/2023,42.07,35.51
1400.0,ADA,07/03/2023,10/20/2023,414.76,350.58
70.0,ADA,07/03/2023,10/22/2023,20.74,18.24
115.0,ADA,07/03/2023,10/23/2023,34.07,30.7
4971.365168,HUNT,10/20/2023,10/27/2023,375.07,363.77
1200.0,ADA,07/03/2023,10/27/2023,355.5,342.17
24.626588,INDY,08/18/2023,10/31/2023,52.38,44.58
10.616918,INDY,08/18/2023,11/02/2023,22.58,21.02
125.0,ADA,07/03/2023,11/02/2023,37.03,39.57
60.0,ADA,07/03/2023,11/04/2023,17.78,19.45
456.004581,ADA,07/03/2023,11/06/2023,135.09,166.47
43.995419,ADA,06/22/2023,11/06/2023,12.81,16.06
20.0,ADA,06/22/2023,11/09/2023,5.82,7.15
100.0,ADA,06/22/2023,11/09/2023,29.11,36.67
100.0,ADA,06/22/2023,11/09/2023,29.11,36.67
100.0,ADA,06/22/2023,11/09/2023,29.11,36.67
100.0,ADA,06/22/2023,11/09/2023,29.11,36.62
100.0,ADA,06/22/2023,11/09/2023,29.11,36.62
43.667513,ADA,06/22/2023,11/10/2023,12.71,16.24
56.332487,ADA,06/22/2023,11/10/2023,16.31,20.95
10.348436,INDY,08/18/2023,11/10/2023,22.01,23.11
200.0,ADA,06/22/2023,11/10/2023,57.92,74.74
100.0,ADA,06/22/2023,11/10/2023,28.96,37.4
100.0,ADA,06/22/2023,11/10/2023,28.96,37.51
100.0,ADA,06/22/2023,11/14/2023,28.96,35.74
10.168188,ADA,06/22/2023,11/16/2023,2.94,3.76
589.831812,ADA,06/22/2023,11/16/2023,170.81,218.31
214.607097,ADA,06/22/2023,11/16/2023,62.15,79.57
79.977816,ADA,06/26/2023,11/16/2023,22.88,29.65
5.415087,ADA,06/21/2023,11/16/2023,1.52,2.01
78.437807,ADA,06/21/2023,11/16/2023,22.04,29.11
221.662193,ADA,08/16/2023,11/16/2023,61.73,82.27
84.551947,ADA,08/16/2023,11/22/2023,23.55,31.25
35.448053,ADA,08/16/2023,11/22/2023,9.74,13.1
1344.678006,HUNT,11/16/2023,11/22/2023,111.23,103.5
1359.227311,HUNT,11/16/2023,11/22/2023,111.39,104.62
510.841292,ADA,08/16/2023,11/25/2023,140.42,201.61
592.795303,ADA,08/16/2023,11/25/2023,162.65,233.96
3789.571435,ADA,08/16/2023,11/25/2023,1039.76,1495.62
306.420195,ADA,08/16/2023,11/25/2023,84.06,120.93
8006.027088,HUNT,11/25/2023,11/25/2023,789.33,786.97
31.325686,INDY,08/18/2023,11/25/2023,66.63,72.9
234.015168,ADA,08/16/2023,11/25/2023,64.19,92.41
82.029035,ADA,06/29/2023,11/25/2023,22.24,32.39
616.069913,ADA,08/20/2023,11/25/2023,166.06,243.28
400.0,ADA,08/20/2023,11/26/2023,107.82,152.51
3836.153511,HUNT,11/25/2023,11/26/2023,368.09,345.07
110.080987,HUNT,10/20/2023,11/26/2023,8.31,9.9
74358354.5,iUSD/ADA LP,05/23/2023,11/26/2023,90.36,90.89
74358354.5,iUSD/ADA LP,05/23/2023,11/26/2023,90.36,90.89
688028925.0,iUSD/ADA LP,05/23/2023,11/26/2023,824.17,841.02
688028925.0,iUSD/ADA LP,05/23/2023,11/26/2023,824.17,841.02
1192.853437,iUSD,11/26/2023,11/26/2023,1117.92,1114.38
2877.043471,ADA,11/26/2023,11/26/2023,1114.38,1114.38
2301.680917,ADA,11/26/2023,11/26/2023,891.46,891.52
104.429727,ADA,11/26/2023,11/27/2023,40.45,40.64
935.570273,ADA,08/20/2023,11/27/2023,252.19,364.06
722.825595,ADA,08/20/2023,11/27/2023,194.84,281.27
270.517607,ADA,08/20/2023,11/27/2023,72.83,105.27
26.656798,ADA,08/20/2023,11/27/2023,7.17,10.37
940.1,ADA,08/20/2023,11/27/2023,252.94,365.82
156.794526,ADA,08/20/2023,11/27/2023,42.19,60.82
43.205474,ADA,08/20/2023,11/27/2023,11.62,16.76
107.250185,CGI,11/27/2023,11/27/2023,77.58,87.96
228.589723,ADA,11/27/2023,11/27/2023,87.96,88.17
71.410277,ADA,08/20/2023,11/27/2023,19.21,27.54
146.919833,CGI,11/27/2023,11/27/2023,115.71,143.98
372.527577,ADA,11/27/2023,11/27/2023,143.98,143.64
27.472423,ADA,08/20/2023,11/27/2023,7.39,10.59
127532613.5,iUSD/ADA LP,06/06/2023,11/27/2023,153.69,153.81
127532613.5,iUSD/ADA LP,06/06/2023,11/27/2023,153.69,153.81
162223937.0,iUSD/ADA LP,10/27/2023,11/27/2023,171.09,195.64
162223937.0,iUSD/ADA LP,10/27/2023,11/27/2023,171.09,195.64
221244919.0,iUSD/ADA LP,06/14/2023,11/27/2023,234.18,266.83
221244919.0,iUSD/ADA LP,06/14/2023,11/27/2023,234.18,266.83
251385810.0,iUSD/ADA LP,05/23/2023,11/27/2023,301.13,303.18
251385810.0,iUSD/ADA LP,05/23/2023,11/27/2023,301.13,303.18
1180.666698,iUSD,11/27/2023,11/27/2023,1105.26,1115.55
2944.541303,ADA,11/27/2023,11/27/2023,1115.55,1115.94
2250.471637,ADA,11/27/2023,11/27/2023,849.39,852.9
180.75,ADA,11/27/2023,11/27/2023,68.22,68.64
4.874041,ADA,11/27/2023,11/28/2023,1.84,1.89
0.785959,ADA,08/20/2023,11/28/2023,0.21,0.3
290.0,ADA,08/20/2023,11/28/2023,78.03,112.42
18649668.5,INDY/ADA LP,11/25/2023,11/29/2023,72.9,34.41
18649668.5,INDY/ADA LP,11/25/2023,11/29/2023,72.9,34.41
6205274.5,INDY/ADA LP,11/10/2023,11/29/2023,23.11,11.45
6205274.5,INDY/ADA LP,11/10/2023,11/29/2023,23.11,11.45
6528655.5,INDY/ADA LP,11/02/2023,11/29/2023,21.02,12.05
6528655.5,INDY/ADA LP,11/02/2023,11/29/2023,21.02,12.05
6143060.5,INDY/ADA LP,10/31/2023,11/29/2023,18.13,11.34
6143060.5,INDY/ADA LP,10/31/2023,11/29/2023,18.13,11.34
653.792144,INDY,11/29/2023,11/29/2023,1399.8,1393.01
3620.758298,ADA,11/29/2023,11/29/2023,1393.01,1393.01
179.993312,ADA,11/29/2023,11/29/2023,69.25,69.25
8.309959,ADA,08/20/2023,11/29/2023,2.24,3.2
76623830.5,DJED/ADA LP,10/07/2023,11/29/2023,78.45,96.92
76623830.5,DJED/ADA LP,10/07/2023,11/29/2023,78.45,96.92
97.603662,DJED,11/29/2023,11/29/2023,96.92,97.15
252.118071,ADA,11/29/2023,11/29/2023,96.92,96.9
246.291929,ADA,11/29/2023,11/29/2023,94.66,94.66
76623830.5,DJED/ADA LP,10/07/2023,11/29/2023,78.45,97.11
76623830.5,DJED/ADA LP,10/07/2023,11/29/2023,78.45,97.11
97.325296,DJED,11/29/2023,11/29/2023,97.11,97.13
6.475369,ADA,11/29/2023,11/29/2023,2.49,2.49
252.873306,ADA,11/29/2023,11/29/2023,97.11,97.1
252.919835,ADA,11/29/2023,11/29/2023,97.13,97.12
2.436895,ADA,08/20/2023,11/29/2023,0.66,0.94
8.463996,INDY,11/29/2023,11/29/2023,18.12,18.45
20144354.0,INDY/ADA LP,10/20/2023,11/29/2023,53.29,37.56
20144354.0,INDY/ADA LP,10/20/2023,11/29/2023,53.29,37.56
8421800.5,INDY/ADA LP,10/09/2023,11/29/2023,21.93,15.7
8421800.5,INDY/ADA LP,10/09/2023,11/29/2023,21.93,15.7
8960505.0,INDY/ADA LP,10/31/2023,11/29/2023,26.45,16.71
8960505.0,INDY/ADA LP,10/31/2023,11/29/2023,26.45,16.71
47.975859,ADA,11/29/2023,11/29/2023,18.45,18.42
152.024141,ADA,11/29/2023,11/29/2023,58.47,58.37
661.682543,INDY,11/29/2023,11/29/2023,1446.95,1438.22
29.905159,ADA,11/29/2023,11/29/2023,11.5,11.47
3735.920202,ADA,11/29/2023,11/29/2023,1434.48,1432.51
142.132206,TEDY,11/29/2023,12/01/2023,76.69,80.67
142.48227,TEDY,11/29/2023,12/01/2023,76.79,80.87
315.385524,TEDY,11/29/2023,12/01/2023,154.48,179.0
9.744288,ADA,11/29/2023,12/01/2023,3.74,3.64
215.721495,ADA,12/01/2023,12/01/2023,80.67,80.67
216.252805,ADA,12/01/2023,12/01/2023,80.87,80.87
459.362088,ADA,12/01/2023,12/01/2023,171.78,171.78
290.986355,TEDY,11/29/2023,12/01/2023,141.36,165.17
233.559794,TEDY,11/28/2023,12/01/2023,112.42,132.58
4.583392,TEDY,11/28/2023,12/01/2023,2.19,2.6
64.498849,TEDY,11/29/2023,12/01/2023,31.59,36.61
2452598.0,iBTC/ADA LP,05/20/2023,12/01/2023,533.11,615.64
2452598.0,iBTC/ADA LP,05/20/2023,12/01/2023,533.11,615.64
1622.233372,ADA,12/01/2023,12/01/2023,615.64,615.64
0.203922,ADA,12/01/2023,12/01/2023,0.08,0.08
0.004092,iBTC,09/14/2023,12/01/2023,119.28,142.32
0.013611,iBTC,12/01/2023,12/01/2023,473.33,473.39
675863.0,iETH/ADA LP,04/13/2023,12/01/2023,41.52,39.87
675863.0,iETH/ADA LP,04/13/2023,12/01/2023,41.52,39.87
13383417.0,iETH/ADA LP,04/24/2023,12/01/2023,768.0,789.41
13383417.0,iETH/ADA LP,04/24/2023,12/01/2023,768.0,789.41
2995814.0,iETH/ADA LP,05/18/2023,12/01/2023,168.21,176.7
2995814.0,iETH/ADA LP,05/18/2023,12/01/2023,168.21,176.7
1166.603487,ADA,12/01/2023,12/01/2023,449.23,449.23
0.034101,iETH,05/18/2023,12/01/2023,65.78,68.4
0.189874,iETH,12/01/2023,12/01/2023,376.35,380.83
649021713.5,FACT/ADA LP,11/29/2023,12/01/2023,98.82,99.38
649021713.5,FACT/ADA LP,11/29/2023,12/01/2023,98.82,99.38
256.474031,ADA,12/01/2023,12/01/2023,98.76,98.71
7186.346115,FACT,12/01/2023,12/01/2023,99.52,98.71
8825333.5,LENFI/ADA LP,11/09/2023,12/01/2023,18.33,18.28
8825333.5,LENFI/ADA LP,11/09/2023,12/01/2023,18.33,18.28
57.972634,ADA,12/01/2023,12/01/2023,22.32,22.28
8.542097,LENFI,10/22/2023,12/01/2023,18.24,22.28
0.14,iETH,12/01/2023,12/03/2023,277.49,276.5
10081393.5,iETH/ADA LP,05/20/2023,12/03/2023,575.98,597.86
10081393.5,iETH/ADA LP,05/20/2023,12/03/2023,575.98,597.86
6973701.0,iETH/ADA LP,05/18/2023,12/03/2023,391.55,413.56
6973701.0,iETH/ADA LP,05/18/2023,12/03/2023,391.55,413.56
2598.090251,ADA,12/03/2023,12/03/2023,1011.42,1011.42
702.231646,ADA,12/03/2023,12/03/2023,273.32,273.37
0.177658,iETH,12/01/2023,12/03/2023,352.13,360.21
0.456017,iETH,12/03/2023,12/03/2023,903.51,924.59
305064381.0,HUNT/ADA LP,11/22/2023,12/03/2023,208.12,126.72
305064381.0,HUNT/ADA LP,11/22/2023,12/03/2023,208.12,126.72
252834051.0,HUNT/ADA LP,11/06/2023,12/03/2023,91.26,105.03
252834051.0,HUNT/ADA LP,11/06/2023,12/03/2023,91.26,105.03
64518528.0,HUNT/ADA LP,11/02/2023,12/03/2023,19.79,26.8
64518528.0,HUNT/ADA LP,11/02/2023,12/03/2023,19.79,26.8
738.968987,HUNT,11/27/2023,12/03/2023,68.64,80.0
1773.212776,HUNT,12/03/2023,12/03/2023,190.86,191.98
650.0,ADA,12/03/2023,12/03/2023,253.53,253.54
12.867389,ADA,12/03/2023,12/03/2023,5.02,5.02
205.277429,ADA,12/03/2023,12/03/2023,80.0,80.1
477.360289,ADA,12/03/2023,12/03/2023,186.05,186.26
463.815074,TEDY,12/03/2023,12/03/2023,253.54,253.32
11.20125,TEDY,11/29/2023,12/03/2023,5.49,6.12
2393871.5,iBTC/ADA LP,05/18/2023,12/03/2023,528.38,616.49
2393871.5,iBTC/ADA LP,05/18/2023,12/03/2023,528.38,616.49
58727.0,iBTC/ADA LP,05/20/2023,12/03/2023,12.77,15.12
58727.0,iBTC/ADA LP,05/20/2023,12/03/2023,12.77,15.12
15.21865,ADA,12/03/2023,12/03/2023,5.93,5.92
8.148445,ADA,12/03/2023,12/03/2023,3.17,3.17
1580.762431,ADA,12/03/2023,12/03/2023,614.87,614.87
0.004092,iBTC,12/01/2023,12/03/2023,142.3,144.29
0.013603,iBTC,12/03/2023,12/03/2023,485.55,479.67
170151.0,SNEK,10/23/2023,12/05/2023,30.7,85.23
202.956292,ADA,12/05/2023,12/06/2023,85.23,88.37
43.041864,ADA,12/03/2023,12/06/2023,16.74,18.74
44.001844,ADA,12/01/2023,12/06/2023,16.94,19.16
130.453946,OPTIM,11/22/2023,12/06/2023,44.35,48.06
868.312693,OPTIM,11/27/2023,12/06/2023,283.05,319.86
385.066706,OPTIM,11/27/2023,12/06/2023,124.32,141.43
421.166655,OPTIM,11/27/2023,12/06/2023,135.27,154.88
110.125535,ADA,12/06/2023,12/06/2023,48.06,47.93
733.00504,ADA,12/06/2023,12/06/2023,319.86,319.03
324.104511,ADA,12/06/2023,12/06/2023,141.43,141.06
336.39271,ADA,12/06/2023,12/06/2023,146.79,146.41
703.997105,OPTIM,11/16/2023,12/06/2023,222.07,255.24
160.407081,OPTIM,11/14/2023,12/06/2023,35.74,58.16
349.304574,OPTIM,11/27/2023,12/06/2023,113.87,126.64
591.367799,OPTIM,11/27/2023,12/06/2023,190.93,214.4
150.151808,CGI,11/27/2023,12/06/2023,154.23,264.15
400.0,ADA,12/06/2023,12/07/2023,175.91,179.95
200.659638,ADA,12/06/2023,12/07/2023,88.24,90.28
18.543373,ADA,12/06/2023,12/07/2023,8.09,8.34
179.858951,ADA,12/01/2023,12/07/2023,69.26,80.92
11709.993367,FACT,12/07/2023,12/07/2023,179.95,179.54
737.000285,HUNT,12/06/2023,12/09/2023,126.27,167.84
756.693705,HUNT,12/03/2023,12/09/2023,81.45,172.33
298.35232,HUNT,12/03/2023,12/09/2023,32.11,66.61
80.0,ADA,12/09/2023,12/09/2023,46.0,45.77
35.848901,ADA,12/09/2023,12/09/2023,20.61,20.51
44.07591,ADA,12/01/2023,12/09/2023,16.97,25.22
75.017277,TEDY,12/09/2023,12/09/2023,45.77,45.73
2339.875855,VYFI,09/21/2023,12/10/2023,566.13,649.86
154.600942,DJED,12/10/2023,12/10/2023,0,157.62
264.158872,ADA,12/10/2023,12/10/2023,157.62,157.62
1092.334484,ADA,12/10/2023,12/10/2023,649.86,651.79
175.106051,ADA,12/01/2023,12/10/2023,67.43,104.48
11434722.0,NTX/ADA LP,11/09/2023,12/10/2023,3.58,4.97
11434722.0,NTX/ADA LP,11/09/2023,12/10/2023,3.58,4.97
11243.0,IDP,11/10/2023,12/10/2023,74.74,66.4
0.020362,iETH,12/03/2023,12/10/2023,40.34,50.67
186.762499,JELLY,11/10/2023,12/10/2023,37.19,28.47
513.257814,MIN,09/07/2023,12/10/2023,8.59,17.47
4.58849,INDY,11/29/2023,12/10/2023,10.03,16.45
29.250032,ADA,12/10/2023,12/10/2023,17.47,17.51
27.535185,ADA,12/10/2023,12/10/2023,16.45,16.49
8.340748,ADA,12/10/2023,12/10/2023,4.97,4.99
111.573144,ADA,12/10/2023,12/10/2023,66.4,66.8
85.146752,ADA,12/10/2023,12/10/2023,50.67,50.98
47.848152,ADA,12/10/2023,12/10/2023,28.47,28.65
290.305987,ADA,12/01/2023,12/10/2023,111.79,173.81
296294713.5,AGIX/ADA LP,11/09/2023,12/10/2023,18.33,26.54
296294713.5,AGIX/ADA LP,11/09/2023,12/10/2023,18.33,26.54
208145068.5,HUNT/ADA LP,12/09/2023,12/11/2023,340.17,181.46
208145068.5,HUNT/ADA LP,12/09/2023,12/11/2023,340.17,181.46
903642593.5,HUNT/ADA LP,11/25/2023,12/11/2023,786.97,787.78
903642593.5,HUNT/ADA LP,11/25/2023,12/11/2023,786.97,787.78
710681970.0,HUNT/ADA LP,11/26/2023,12/11/2023,298.4,619.56
710681970.0,HUNT/ADA LP,11/26/2023,12/11/2023,298.4,619.56
6620.189212,HUNT,12/11/2023,12/11/2023,1712.99,1717.21
43.93217,ADA,12/10/2023,12/11/2023,26.54,24.06
206.16783,ADA,12/11/2023,12/11/2023,120.72,112.9
500.399736,ADA,12/11/2023,12/11/2023,293.0,274.02
28.00119,LENFI,12/11/2023,12/11/2023,136.96,136.96
6.883021,LENFI,12/01/2023,12/11/2023,18.28,33.67
500.293306,ADA,12/11/2023,12/11/2023,292.93,273.74
525.914476,OPTIM,11/27/2023,12/11/2023,168.92,273.74
81.991967,AGIX,12/10/2023,12/11/2023,26.54,24.78
8547324.0,LQ/ADA LP,11/09/2023,12/11/2023,18.31,28.58
8547324.0,LQ/ADA LP,11/09/2023,12/11/2023,18.31,28.58
58745085.5,BOOK/ADA LP,11/04/2023,12/11/2023,9.72,13.44
58745085.5,BOOK/ADA LP,11/04/2023,12/11/2023,9.72,13.44
189550.5,IDP/ADA LP,11/10/2023,12/11/2023,18.75,19.93
189550.5,IDP/ADA LP,11/10/2023,12/11/2023,18.75,19.93
182906.0,IDP/ADA LP,11/10/2023,12/11/2023,18.7,19.23
182906.0,IDP/ADA LP,11/10/2023,12/11/2023,18.7,19.23
37534654.0,WMT/ADA LP,05/23/2023,12/11/2023,16.74,23.26
37534654.0,WMT/ADA LP,05/23/2023,12/11/2023,16.74,23.26
5.809463,LQ,12/11/2023,12/11/2023,28.58,27.2
233.056833,WMT,12/11/2023,12/11/2023,39.97,39.93
7819.0,IDP,12/11/2023,12/11/2023,39.16,39.33
300.36531,ADA,12/11/2023,12/11/2023,175.87,162.79
277.047205,OPTIM,11/27/2023,12/11/2023,89.45,142.86
38.646121,OPTIM,11/27/2023,12/11/2023,12.41,19.93
145.876084,ADA,12/11/2023,12/11/2023,85.41,78.97
153.25033,OPTIM,11/27/2023,12/11/2023,49.22,78.97
280.0,ADA,12/11/2023,12/11/2023,163.95,148.0
274.561491,ADA,12/11/2023,12/11/2023,160.76,145.13
146.417379,DJED,12/11/2023,12/11/2023,148.0,145.13
6666.0,iETH/ADA LP,12/03/2023,12/13/2023,1284.79,1743.22
6666.0,iETH/ADA LP,12/03/2023,12/13/2023,1284.79,1743.22
2356.0,iETH/ADA LP,12/01/2023,12/13/2023,449.23,616.12
2356.0,iETH/ADA LP,12/01/2023,12/13/2023,449.23,616.12
1613.0,iBTC/ADA LP,12/03/2023,12/13/2023,623.96,868.51
1613.0,iBTC/ADA LP,12/03/2023,12/13/2023,623.96,868.51
1622.5,iBTC/ADA LP,12/01/2023,12/13/2023,615.71,873.62
1622.5,iBTC/ADA LP,12/01/2023,12/13/2023,615.71,873.62
2861.927737,ADA,12/13/2023,12/13/2023,1742.68,1757.21
0.004092,iBTC,12/03/2023,12/13/2023,146.06,179.93
0.03587,iBTC,12/13/2023,12/13/2023,1563.74,1577.27
2861.022888,ADA,12/13/2023,12/13/2023,1742.13,1756.65
1012.709708,ADA,12/13/2023,12/13/2023,616.66,621.8
1.863624,ADA,12/11/2023,12/13/2023,1.09,1.14
0.034101,iETH,12/03/2023,12/13/2023,67.56,82.07
0.954696,iETH,12/13/2023,12/13/2023,2277.97,2297.53
432884641.5,HUNT/ADA LP,11/26/2023,12/13/2023,354.97,432.55
432884641.5,HUNT/ADA LP,11/26/2023,12/13/2023,354.97,432.55
933967582.5,HUNT/ADA LP,11/27/2023,12/13/2023,388.77,933.24
933967582.5,HUNT/ADA LP,11/27/2023,12/13/2023,388.77,933.24
500.1,ADA,12/13/2023,12/14/2023,317.35,327.08
508.749236,ADA,12/13/2023,12/14/2023,322.84,339.93
705.242529,GENS,12/14/2023,12/14/2023,327.08,339.93
140.0,ADA,12/13/2023,12/14/2023,88.84,93.6
140.0,ADA,12/13/2023,12/14/2023,88.84,89.66
4946.251168,HUNT,12/13/2023,12/15/2023,1538.39,1355.55
156.318409,MIN,09/07/2023,12/15/2023,2.62,5.34
579.797826,BOOK,12/11/2023,12/15/2023,13.44,15.82
34.953592,VYFI,09/21/2023,12/16/2023,8.46,10.17
115.0,ADA,12/13/2023,12/16/2023,72.98,69.33
300.0,ADA,12/13/2023,12/17/2023,190.37,179.4
577603998.5,HUNT/ADA LP,10/27/2023,12/18/2023,363.77,574.39
577603998.5,HUNT/ADA LP,10/27/2023,12/18/2023,363.77,574.39
20541804.0,HUNT/ADA LP,10/16/2023,12/18/2023,6.29,20.43
20541804.0,HUNT/ADA LP,10/16/2023,12/18/2023,6.29,20.43
426993365.5,HUNT/ADA LP,10/20/2023,12/18/2023,127.3,424.62
426993365.5,HUNT/ADA LP,10/20/2023,12/18/2023,127.3,424.62
2054.953086,HUNT,12/18/2023,12/18/2023,681.82,679.6
448.465869,ADA,12/13/2023,12/18/2023,284.58,261.31
8.80038,ADA,12/15/2023,12/18/2023,5.34,5.13
16.929936,ADA,12/16/2023,12/18/2023,10.17,9.86
26.34148,ADA,12/15/2023,12/18/2023,15.82,15.35
391.462335,ADA,12/11/2023,12/18/2023,229.21,228.09
1637.618351,HUNT,12/18/2023,12/18/2023,543.35,581.25
200.0,ADA,12/11/2023,12/18/2023,117.11,115.39
251607226.0,HUNT/ADA LP,10/20/2023,12/19/2023,75.03,279.07
251607226.0,HUNT/ADA LP,10/20/2023,12/19/2023,75.03,279.07
517247150.0,HUNT/ADA LP,11/26/2023,12/19/2023,217.18,573.7
517247150.0,HUNT/ADA LP,11/26/2023,12/19/2023,217.18,573.7
1000.0,ADA,12/19/2023,12/19/2023,610.41,610.41
397.039558,ADA,12/19/2023,12/19/2023,242.36,242.04
2.960442,ADA,12/11/2023,12/19/2023,1.73,1.8
1710.056129,HUNT,12/19/2023,12/19/2023,672.34,696.53
1110.650018,ADA,12/19/2023,12/19/2023,683.07,683.07
21.883873,ADA,12/19/2023,12/19/2023,13.46,12.65
278.116127,ADA,12/11/2023,12/19/2023,162.84,160.76
764.0,TEDY,12/19/2023,12/19/2023,0,407.71
696.189187,ADA,12/19/2023,12/19/2023,407.71,407.38
3.810813,ADA,12/11/2023,12/19/2023,2.23,2.23
62.51,TEDY,12/19/2023,12/19/2023,0,32.86
55.958504,ADA,12/19/2023,12/19/2023,32.86,32.18
4.041496,ADA,12/11/2023,12/19/2023,2.37,2.32
49.15097,ADA,12/11/2023,12/19/2023,28.78,28.24
15392.0,SNEK,12/19/2023,12/19/2023,27.99,28.24
300.0,ADA,12/11/2023,12/21/2023,175.66,189.14
573.019456,HUNT,12/19/2023,12/21/2023,225.29,189.14
274.247012,ADA,12/11/2023,12/22/2023,160.58,168.21
517.196774,HUNT,12/19/2023,12/22/2023,203.35,168.21
9021.5,iETH/ADA LP,12/13/2023,12/22/2023,2379.59,2379.88
9021.5,iETH/ADA LP,12/13/2023,12/22/2023,2379.59,2379.88
3815.380772,ADA,12/22/2023,12/22/2023,2379.88,2379.88
26.222768,ADA,12/11/2023,12/22/2023,15.35,16.36
0.034101,iETH,12/13/2023,12/22/2023,81.37,81.38
0.970059,iETH,12/22/2023,12/22/2023,2299.06,2314.86
3235.0,iBTC/ADA LP,12/13/2023,12/22/2023,1757.21,1780.28
3235.0,iBTC/ADA LP,12/13/2023,12/22/2023,1757.21,1780.28
2869.612909,ADA,12/22/2023,12/22/2023,1780.28,1776.71
4.394286,ADA,12/11/2023,12/22/2023,2.57,2.72
0.004092,iBTC,12/13/2023,12/22/2023,178.39,182.71
0.03576,iBTC,12/22/2023,12/22/2023,1597.48,1596.72
938.5,OPTIM/ADA LP,12/11/2023,12/22/2023,273.74,329.18
938.5,OPTIM/ADA LP,12/11/2023,12/22/2023,273.74,329.18
563.5,OPTIM/ADA LP,12/11/2023,12/22/2023,162.79,197.65
563.5,OPTIM/ADA LP,12/11/2023,12/22/2023,162.79,197.65
273.5,OPTIM/ADA LP,12/11/2023,12/22/2023,78.97,95.93
273.5,OPTIM/ADA LP,12/11/2023,12/22/2023,78.97,95.93
3017.0,OPTIM/ADA LP,12/06/2023,12/22/2023,654.44,1058.23
3017.0,OPTIM/ADA LP,12/06/2023,12/22/2023,654.44,1058.23
2686.641311,ADA,12/22/2023,12/22/2023,1664.74,1659.47
2529.723158,OPTIM,12/22/2023,12/22/2023,1681.0,1659.47
0.39835,ADA,12/22/2023,12/22/2023,0.25,0.25
1000.0,DRIP,12/22/2023,12/22/2023,0,0.25
25.832379,ADA,12/22/2023,12/22/2023,16.01,16.03
49.167621,ADA,12/11/2023,12/22/2023,28.79,30.51
500.0,ADA,12/11/2023,12/23/2023,292.76,303.18
80.0,ADA,12/11/2023,12/24/2023,46.84,48.95
161.959999,ADA,12/11/2023,12/24/2023,94.83,100.27
300.0,ADA,12/11/2023,12/26/2023,175.66,180.22
25555.0,SNEK,12/24/2023,12/27/2023,48.95,46.71
53834.0,SNEK,12/24/2023,12/27/2023,100.27,98.39
3584.0,SNEK,12/19/2023,12/27/2023,6.52,6.55
425.0,TEDY,12/30/2023,12/30/2023,0,127.4
200.0,ADA,12/30/2023,12/30/2023,119.2,119.34
10.239999,ADA,12/30/2023,12/30/2023,6.1,6.16
26.55,TEDY,12/31/2023,12/31/2023,0,8.25
6.709999,ADA,12/31/2023,12/31/2023,4.06,4.05
86.941297,VYFI,09/21/2023,12/31/2023,21.04,20.9
6.934758,ADA,12/31/2023,12/31/2023,4.19,4.16
34.776048,ADA,12/31/2023,12/31/2023,20.9,20.87
3.512541,ADA,12/30/2023,12/31/2023,2.09,2.11
64.776653,ADA,12/11/2023,12/31/2023,37.93,38.87
